gene1	gene2	chrom1	pos1	strand1	chrom2	pos2	strand2	arriba.called	starfus.called	overall_support	DB_count	DB_list	arriba.reading_frame	arriba.confidence	arriba.split_reads	arriba.discordant_mates	arriba.break_coverage	arriba.break2_coverage	arriba.site1	arriba.site2	starfus.split_reads	starfus.discordant_mates	starfus.counter_fusion1	starfus.counter_fusion2	starfus.splice_type	arriba.break_seq	starfus.break_seq
FOXO3B	FOXO3B	chr17	18670867	-	chr17	18672302	-	TRUE	FALSE	7	0			low	7	0	444	57	intron	exon						^(GGACCCGGAGTTCGAGCCCCAGAGCCGTCCGCGATCCTGTACGTGGCCCCTGCAAAGGCCGGAGCTCCAAGCGAGCCCTGCCAAGCCCTCGGGGGAGACGGCCGCCGACTCCATGATCCCCGAGGAGGAGGACGATGAAGACGACGAGGACGGCGGGGGACGGGCCGGCTCGGCCATGGCGATCGGCGGCGGCGGCGGGAGCCGCACGCTGGTCTCCGGGCTGCTCCTTGAGGACTCGGTCCGGGTGCTGGCACCCGGAGGGCAAGACCCCGGGTCTGGGCCAGCCACCGCGGCGGGCGGGCTGAGCGGGGGTACACAGGCGCTGCTGCAGCCTCAGCAACCGCTGCCACCGCCGCAGCCGGGGGCGGCTGGGGGCTCCGGGCAGCCGAGGAAATGTTCGTCGCGGCGGAACGCCTGGGGAAACCTGTCCTACGCGGACCTGATCACCCGCGCCATCGAGAGCTCCCCGGACAGACGGCTCACTCTGTCCCAGATCTACGAGTGGATGGTGAGTTGCGTGCCCTACTTCAAGGATAAGGGCAACAGCAACAGCTCTGCCGGCTAGAAGAACTCCATCCGGCACAACCTGTCACTGCATAGTCGATTCATGCGGGTCCAGAATGAGGGAACTGGCAAGAGCTCTTGGTGGATCATCAACCCTGATGGGGGGAAGAGCGGAAAAGCCCCCCGGCGGCGGGCTGTCTCCATGGACAATAGCAACAAGTATACCAAGAGCCGTGGCCGCACAGCCAAGAAGAAGGCAGCCCTGCAGACAGCCCCCGAATCAGCTGACGACAGTCCCTCCCAGCTCTCCAAGTGGTCTGGCAGCCCCACGTCACGCAGCAGTGATGAGCTGGATGCGTGGACGGACTTCCGTTCACGCACCAATTCTAACGCCAGCACAGTCAGTGGCCGCCTGTCGCCCATCATGGCAAGCACAGAGTTGGATGAAGTCCAGGACGACGATGCGCCTCTCTCGCCCATGCTCTACAGCAGCTCAGCGAGCCTGTCACCTTCAGTAAGCAAGCCGTGCACGGTGGAACTGCTACGGCTGACTGACATGGCAGGCACCATGAATCTGAATGATGGGGCTGACTGAAAACCTCATGGACGACCTGCTGGATAACATCACGCTCCCGCCATCCCAGCCATCGCCCACTGGGGGACTCATGCAGCGGAGTTCTAGCTTCCCGTATACCACCAAGGGCTCGGGCCTGAGCTCCCCAACCAGCTCCTTTAACAGCACGGTGTTTGGACCTTCATCTCTGAACTCCCTACGCCAGTCTCCCATGCAGACCATCCAAGAGAACAAGCCAGCTACCTTCTCTTCCATGTCACACTATGGTAACCAGACACTCCAGGACCTGCTCACTTCGGACTCACTTAGCCACAGCGATGTCATGATGACACAGTCGGACCCCTTGATGTCTCAGGCCAGCACCGCTGTGTCTGCCCAGAATTCCCGCCGGAACGTGATGCTTCGCAATGATCCGATGATGTCCTTTGCTGCCCAGCCTAACCAGGGAAGTGTGGTCAATCAGAACTTGCTCCACCACCAGCACCAAACCCAGGGCGCTCTTGGTGGCAGCCGTGCCTTGTCGAATTCTGTCAGCAACATGGGCTTGAGTGAGTCCAGCAGCCTTGGGTCAGCCAAACACCAGCAGCAGTCTCCTGTCAGCCAGTCTATGCAAACCCTCTCGGACTCTCTCTCAGGCTCCTCCTTGTACTCAACTAGTGCAAACCTGCCCGTCATGGGCCATGAGAAGTTCCCCAGCGACTTGGACCTGGACATGTTCAATGGGAG)CTTGGAATGTGACATGGAGTCCATTATCCGTAGTGAACTCATGGATGCTGATGGGTTGGATTTTAACTTTGATTCCCTCATCTCCACACAGAATGTTGTTGGTTTGAACGTGGGGAACTTCACTGGTGCTAAGCAGGCCTCATCTCAGAGCTGGGTGCCAGGCTGAAGGATCACTGAGGAAGGGGAAGTGGGCAAAGCAGAaC|TCCATCCGGCACAACCTGTCACTGCATAGTCGATTCATGCGGGTCCAGAATGAGGG(AACTGGCAAGAGCTCTTGGTGGATCATCAACCCTGATGGGGGGAAGAGCGGAAAAGCCCCCCGGCGGCGGGCTGTCTCCATGGACAATAGCAACAAGTATACCAAGAGCCGTGGCCGCACAGCCAAGAAGAAGGCAGCCCTGCAGACAGCCCCCGAATCAGCTGACGACAGTCCCTCCCAGCTCTCCAAGTGGTCTGGCAGCCCCACGTCACGCAGCAGTGATGAGCTGGATGCGTGGACGGACTTCCGTTCACGCACCAATTCTAACGCCAGCACAGTCAGTGGCCGCCTGTCGCCCATCATGGCAAGCACAGAGTTGGATGAAGTCCAGGACGACGATGCGCCTCTCTCGCCCATGCTCTACAGCAGCTCAGCGAGCCTGTCACCTTCAGTAAGCAAGCCGTGCACGGTGGAACTGCTACGGCTGACTGACATGGCAGGCACCATGAATCTGAATGATGGGGCTGACTGAAAACCTCATGGACGACCTGCTGGATAACATCACGCTCCCGCCATCCCAGCCATCGCCCACTGGGGGACTCATGCAGCGGAGTTCTAGCTTCCCGTATACCACCAAGGGCTCGGGCCTGAGCTCCCCAACCAGCTCCTTTAACAGCACGGTGTTTGGACCTTCATCTCTGAACTCCCTACGCCAGTCTCCCATGCAGACCATCCAAGAGAACAAGCCAGCTACCTTCTCTTCCATGTCACACTATGGTAACCAGACACTCCAGGACCTGCTCACTTCGGACTCACTTAGCCACAGCGATGTCATGATGACACAGTCGGACCCCTTGATGTCTCAGGCCAGCACCGCTGTGTCTGCCCAGAATTCCCGCCGGAACGTGATGCTTCGCAATGATCCGATGATGTCCTTTGCTGCCCAGCCTAACCAGGGAAGTGTGGTCAATCAGAACTTGCTCCACCACCAGCACCAAACCCAGGGCGCTCTTGGTGGCAGCCGTGCCTTGTCGAATTCTGTCAGCAACATGGGCTTGAGTGAGTCCAGCAGCCTTGGGTCAGCCAAACACCAGCAGCAGTCTCCTGTCAGCCAGTCTATGCAAACCCTCTCGGACTCTCTCTCAGGCTCCTCCTTGTACTCAACTAGTGCAAACCTGCCCGTCATGGGCCATGAGAAGTTCCCCAGCGACTTGGACCTGGACATGTTCAATGGGAGCTTGGAATGTGACATGGAGTCCATTATCCGTAGTGAACTCATGGATGCTGATGGGTTGGATTTTAACTTTGATTCCCTCATCTCCACACAGAATGTTGTTGGTTTGAACGTGGGGAACTTCACT)$	
HMGCS1	BIRC6	chr5	43294691	-	chr2	32487647	+	FALSE	TRUE	1	0										1	0	0	0	ONLY_REF_SPLICE		
KANSL1	AC126544.1	chr17	46170858	-	chr17	45592070	-	TRUE	FALSE	2	0			low	0	2	8	1	CDS	intergenic						^(GGGCGGAAGATTCCCCGCCCCCACTTCTAGGCTTGGTTGAACCGTGCAG___ATACCTTCTCGAAACAAAAGATTTTCCTACCTGCTTATACTTGGTAACCGAGGGAATTACTAAGACTTCTTGCTCATTTCTGAGTATTGTCTTTATATCCTGACACTATGAATGCTACTTGGATGCCTCTTAAG___TCTGTTCTCTGGGGAGGCAGTAAGGGGCCGTGGAGCTGGCCTCGGCCTCGGCATCGGGAGAGGCTGGACTTCCTGTCTCTCTGTGCTGAATGGCTGCGATGGCGCCCGCTCTCACTGACGCAGCAGCTGAAGCACACCATATCCGGTTCAAACTGGCTCCCCCATCCTCTACCTTGTCCCCTGGCAGTGCCGAAAATAACGGCAACGCCAACATCCTTATTGCTGCCAACGGAACCAAAAGAAAAGCCATTGCTGCAGAGGATCCCAGCCTAGATTTCCGAAATAATCCTACCAAGGAAGACTTGGGAAAGCTGCAACCACTGGTGGCATCTTATCTCTGCTCTGATGTAACATCTGTTCCCTCAAAGGAGTCTTTGAAGTTGCAAGGGGTCTTCAGCAAGCAGACAGTCCTTAAATCTCATCCTCTCTTATCTCAGTCCTATGAACTCCGAGCTGAGCTGTTGGGGAGACAGCCAGTTTTGGAGTTTTCCTTAGAAAATCTTAGAACCATGAATACGAGTGGTCAGACAGCTCTGCCACAAGCACCTGTAAATGGGTTGGCTAAGAAATTGACTAAAAGTTCAACACATTCTGATCATGACAATTCCACTTCCCTCAATGGGGGAAAACGGGCTCTCACTTCATCTGCTCTTCATGGGGGTGAAATGGGAGGATCTGAATCTGGGGACTTGAAGGGGGGTATGACCAATTGCACTCTTCCACATAGAAGCCTTGATGTAGAACACACAACTTTGTATAGCAATAATAGCACTGCAAACAAATCCTCTGTCAATTCCATGGAACAGCCGGCACTTCAAGGAAGCAGTAGATTATCACCTGGTACAGACTCCAGCTCTAACTTGGGGGGTGTCAAATTGGAGGGTAAAAAGTCTCCCCTGTCTTCCATTCTTTTCAGTGCTTTAGATTCTGACACAAGGATAACAGCTTTACTGCGGCGACAGGCTGACATTGAGAGCCGTGCCCGCAGATTACAAAAGCGCTTACAGGTTGTGCAAGCCAAGCAGGTTGAGAGGCATATACAACATCAGCTGGGTGGATTTTTGGAGAAGACTTTGAGCAAACTGCCAAACTTGGAATCCTTGAGACCACGGAGCCAGTTGATGCTGACTCGAAAGGCTGAAGCTGCCTTGAGAAAAGCTGCCAGTGAGACCACCACTTCAGAGGGACTTAGCAACTTTCTGAAAAGCAATTCAATTTCAGAAGAATTGGAGAGATTTACAGCTAGTGGCATAGCCAACTTGAGGTGCAGTGAACAGGCATTTGATTCAGATGTCACTGACAGTAGTTCAGGAGGGGAGTCTGATATTGAAGAGGAAGAACTGACCAGAGCTGATCCCGAGCAGCGTCATGTACCCCA)|...GCTCCCAGGCTCAAGAGATCCTCCTgCCTTAGCCTCCTGAGTgGCTGGTACTgCAGTCGCATGCCACCT	
KANSL1	AC126544.2	chr17	46170858	-	chr17	45592070	-	TRUE	FALSE	2	0			low	0	2	8	1	CDS	intergenic						^(GGGCGGAAGATTCCCCGCCCCCACTTCTAGGCTTGGTTGAACCGTGCAG___ATACCTTCTCGAAACAAAAGATTTTCCTACCTGCTTATACTTGGTAACCGAGGGAATTACTAAGACTTCTTGCTCATTTCTGAGTATTGTCTTTATATCCTGACACTATGAATGCTACTTGGATGCCTCTTAAG___TCTGTTCTCTGGGGAGGCAGTAAGGGGCCGTGGAGCTGGCCTCGGCCTCGGCATCGGGAGAGGCTGGACTTCCTGTCTCTCTGTGCTGAATGGCTGCGATGGCGCCCGCTCTCACTGACGCAGCAGCTGAAGCACACCATATCCGGTTCAAACTGGCTCCCCCATCCTCTACCTTGTCCCCTGGCAGTGCCGAAAATAACGGCAACGCCAACATCCTTATTGCTGCCAACGGAACCAAAAGAAAAGCCATTGCTGCAGAGGATCCCAGCCTAGATTTCCGAAATAATCCTACCAAGGAAGACTTGGGAAAGCTGCAACCACTGGTGGCATCTTATCTCTGCTCTGATGTAACATCTGTTCCCTCAAAGGAGTCTTTGAAGTTGCAAGGGGTCTTCAGCAAGCAGACAGTCCTTAAATCTCATCCTCTCTTATCTCAGTCCTATGAACTCCGAGCTGAGCTGTTGGGGAGACAGCCAGTTTTGGAGTTTTCCTTAGAAAATCTTAGAACCATGAATACGAGTGGTCAGACAGCTCTGCCACAAGCACCTGTAAATGGGTTGGCTAAGAAATTGACTAAAAGTTCAACACATTCTGATCATGACAATTCCACTTCCCTCAATGGGGGAAAACGGGCTCTCACTTCATCTGCTCTTCATGGGGGTGAAATGGGAGGATCTGAATCTGGGGACTTGAAGGGGGGTATGACCAATTGCACTCTTCCACATAGAAGCCTTGATGTAGAACACACAACTTTGTATAGCAATAATAGCACTGCAAACAAATCCTCTGTCAATTCCATGGAACAGCCGGCACTTCAAGGAAGCAGTAGATTATCACCTGGTACAGACTCCAGCTCTAACTTGGGGGGTGTCAAATTGGAGGGTAAAAAGTCTCCCCTGTCTTCCATTCTTTTCAGTGCTTTAGATTCTGACACAAGGATAACAGCTTTACTGCGGCGACAGGCTGACATTGAGAGCCGTGCCCGCAGATTACAAAAGCGCTTACAGGTTGTGCAAGCCAAGCAGGTTGAGAGGCATATACAACATCAGCTGGGTGGATTTTTGGAGAAGACTTTGAGCAAACTGCCAAACTTGGAATCCTTGAGACCACGGAGCCAGTTGATGCTGACTCGAAAGGCTGAAGCTGCCTTGAGAAAAGCTGCCAGTGAGACCACCACTTCAGAGGGACTTAGCAACTTTCTGAAAAGCAATTCAATTTCAGAAGAATTGGAGAGATTTACAGCTAGTGGCATAGCCAACTTGAGGTGCAGTGAACAGGCATTTGATTCAGATGTCACTGACAGTAGTTCAGGAGGGGAGTCTGATATTGAAGAGGAAGAACTGACCAGAGCTGATCCCGAGCAGCGTCATGTACCCCA)|...GCTCCCAGGCTCAAGAGATCCTCCTgCCTTAGCCTCCTGAGTgGCTGGTACTgCAGTCGCATGCCACCT	
RUNX2	RIPOR2	chr6	45438051	+	chr6	24875817	-	TRUE	FALSE	2	0		in-frame	medium	2	0	1029	0	CDS/splice-site	CDS/splice-site						^(ATGGCATCAAACAGCCTCTTCAGCACAGTGACACCATGTCAGCAAAACTTCTTTTGGG___ATCCGAGCACCAGCCGGCGCTTCAGCCCCCCCTCCAGCAGCCTGCAGCCCGGCAAAATGAGCGACGTGAGCCCGGTGGTGGCTGCGCAACAGCAGCAGCAACAGCAGCAGCAGCAACAGCAGCAGCAGCAGCAGCAACAGCAGCAGCAGCAGCAGGAGGCGGCGGCGGCGGCTGCGGCGGCGGCGGCGGCTGCGGCGGCGGCAGCTGCAGTGCCCCGGTTGCGGCCGCCCCACGACAACCGCACCATGGTGGAGATCATCGCCGACCACCCGGCCGAACTCGTCCGCACCGACAGCCCCAACTTCCTGTGCTCGGTGCTGCCCTCGCACTGGCGCTGCAACAAGACCCTGCCCGTGGCCTTCAAG___GTGGTAGCCCTCGGAGAGGTACCAGATGGGACTGTGGTTACTGTCATGGCGGGTAACGATGAAAATTATTCTGCTGAGCTCCGGAATGCCTCTGCTGTTATGAAAAACCAAGTAGCAAGGTTCAACGATCTGAGATTTGTGGGCCGGAGT)GGACGAG___GCAAGAGTTTCACCTTGACCATAACCGTCTTCACAAATCCTCCCCAAGTAGCTACCTATCACAGAGCAATTAAAGTTACAGTAGATGGACCTCGGGAACCCAGAA|GACTACCGACCAGACTCCCG(GAAATCATGTTGGTAGGATCCCAGTCTTTTTCGCCTGGAGGGCCCAATGGGATCATTAGAAGCCAGTCCTTTGCGGGTTTCAGCGGCCTCCAGGAAAGGCGATCCAG___GTGTAACTCCTTCATTGAAAATTCCTCCGCTCTCAAGAAGCCTCAGGCCAAACTGAAGAAAATGCACAATTTAGGCCACAAAAACAACAATCCCCCCAAAGAGCCTCAGCCTAAAAGGGTGGAAGAAGTCTACAGGGCCTTGAAAAATGGACTTGA___TGAATATCTGGAGGTTCACCAGACGGAGCTGGACAAGTTGACAGCTCAGTTAAAAGATATGAAAAGAAACTCTCGCCTG___GGTGTACTGTATGACCTAGACAAG___CAAATTAAAACAATTGAAAGATACATGAGACGCCTGGAGTTTCATATAAGTAAG___GTAGATGAACTCTATGAAGCTTATTGTATCCAGCGACGCCTCCAGGATGGTGCCAGCAAAATGAAGCAAGCCTTCGCAACATCCCCTGCCAGCAAAGCTGCCCGGGAGAGTCTGACAGAGATCAATCGGAGCTTCAAGGAGTACACAGAG___AATATGTGCACCATTGAAGTGGAGCTAGAGAATCTGCTGGGAGAATTCTCCATCAAGATGAAAG___GTCTGGCTGGCTTTGCACGCCTCTGTCCTGGAGATCAATATGAA___ATTTTCATGAAGTATGGCCGGCAGCGGTGGAAACTGAAAGGCAAAATAGAAGTAAATGGCAAGCAGAGCTGGGATGGAGAAGAAACAGTTTTTCTGCCCCTGATAGTTGGGTTCATCTCCATCAAG___GTCACGGAGCTCAAAGGGCTAGCAACTCACATCCTGGTAGGTAGCGTGACCTGTGAGACCAAAGAGCTGTTTGCAGCCCGACCTCAGGTAGTGGCTGTCGACATCAATGACCTTGGTACCATCAAACTGAACCTGGAAATCACCTGGTA___TCCATTTGACGTGGAGGACATGACCGCATCCTCAGGCGCTGGGAACAAGGCAGCAGCCCTTCAGAGGAGAATGTCCATGTACAGCCAGGGTACCCCGGAAACGCCCACCTTCAAAGACCACTCCTTCTTT___TCAAATCTACCTGATGACATCTTTGAAAATGGAAAGGCAGCCGAGGAGAAAATGCCACTGTCGCTCAGCTTCAGTGACCTGCCCAACGGGGACTGCGCCCTCACCTCCCACTCAACAGGCTCCCCTTCCAACTCAACAAATCCAGAAATTACCATCACCCCTGCGGAGTTTAACCTCAGCAGCTTGGCCTCCCAGAATGAGGGTATGGATGACACCAGCTCAGCATCTTCCAGGAACTCCCTGGGAGAAGGCCAAGAGCCAAAGTCACACCTGAAGGAGGAAGACCCAGAGGAGCCCAGAAAACCTGCCTCGGCCCCATCTGAGGCTTGCCGCCGACAGTCCTCAGGTGCTGGGGCTGAGCACCTGTTCCTTGAGAATGATGTTGCAGAAGCACTTCTGCAAGAGTCTGAGGAGGCCTCTGAGCTCAAGCCTGTGGAACTGGACACTTCGGAAGGAAACATCACAAAGCAGCTGGTCAAGAGGCTCACATCTGCAGAGGTGCCAATGGCCACAGACAGGCTGCTCTCTGAGGGTTCTGTTGGTGGAGAATCTGAAGGCTGCAGATCCTTTCTAGATGGAAGCTTAGAGGATGCTTTTAATGGGCTTTTACTTGCATTAGAACCACATAAAGAGCAGTATAAAGAGTTTCAGGATCTGAACCAAGAAGTCATGAATTTGGATGATATTCTAAAA___GATGCTAAACACCTTGACGATCAGAAACTAAATGGTGCTGCCTCTTGGACGGAGATCACTGAGGGTGAATGAGACAACTGTGATTTAAAAGACCGAAAGACGTTTTCCCATGTGCTTTTGTGCCATCTTGAGTGTCAGAGACAGATCCCTGCAAGGCCCTTCCTACCTTGCGCTAAGAAATCAGCAAGGAGTGTCACCTAACTGGATGGAGGACATTTAGTGCTTCTAACTTGCAGAATTTGTCCCATTCGACCCACCCCAGCATCCTCTTGAATATTTGGAAATACTTCTCTCCAACTCTGTGCCCATAGCAACTGGCATTGTTTTGCTTGTAATGTTTCTGCATGTGGCCAGCATTATAGAATGCTCCAGGCCAGAGAATGGGATTGCTCCCATGATGCCAGGGCCTGGTCAGGGAAGTGGTGGGACTTGTTCCCTTTGAGGCAGAGCTCCAGAGGAAGCAGGGCTGCTTCTTGTCATGCCCAAGGCATTCATTCTTTCCTCAGTCCTCAGAGGAAAAATTATATGCTGTGAGCAGGTGCGGTGGCTCATGCCTGTAATCCCAACACTTTGGGAAGCCCAGGATTGCTGGAGCCCAAGAGTTCAAGACCGGTATGGTCAACATAGGGAGACCCTGTCTCTGCAATAAAAGAAAAAAATTAGCCTGGTGTGGTGGCACATGCCTGTGGTCTCAGCTACCTGGGAGGCTAAGGTGAGAGGATTGCTTAAGCCCGGGAGATTGAGGCTGCAGTGAGCTGTGATCACACCACTGCACTCCAGCCTGAGTGACAGAGCAAGACCTTGTCTCAAAAAAAAAAAAAAAAAAAAAAAAAAAAAAAAGATGCAGGGCTTCTTACCTAGGGAACATGGGCTAGGTGAATTTGAACCACTTCCTGTTTCTGGGATTTGTTTTGTTAGTCCTTTAGAGCAGATGCCTTAGATAGCTAGCGCCTTTTGTAAAACACCGAAGACATTGCCACTTGGAATTAGAGATTGGTCAGTATTCAGCATTGACTCACTGACTTAAAATTTGTCTGCTTGTGGTATTTTATTTTGGGGTGAGCACTAGGCAGAGGGATATAGCAGTTCTGTTTCCCAAGGCTTTGTGGTTGACATGGTTTTGTTTTTTGTTTTTTTTGTTTTTTTTCAACTTTTTGTTATAAAAATTTCAAACAGAAGTAGAGAAGATCCTCTAATGGATCCCAGTGTGCCCATCCCTCAACCTCCTCAGTGATCAACTCATGGCCAATCTTGTTTCCTATTCTTCAACCTGCTGACTTCCCTCTGGATTCTTCTGCAACCAGTCCCAGATATTGTGCCATTTTATCCATGGTTGTACTTCTTTTTTGGATATAAAGATTTTTAAATGCATTTTTTAAATGCTAACAAAAAATAAAAACTTGAAACAAAAAAAAAA)$	
AL159169.1	NFIB	chr9	14531947	-	chr9	14307520	-	FALSE	TRUE	33	0										30	3	0	91	INCL_NON_REF_SPLICE		
TMEM248	NUP98	chr7	66958005	+	chr11	3768642	-	TRUE	FALSE	2	0		stop-codon	low	2	0	0	631	3'UTR	CDS						^(ACCCGGAAACCGCGGTTGCCGGAGCCCGAACTGAGGCGGCGGCGGGAGCCCGGTTGGCGTCTGGTCTTCGCGTCGGCCCCGCGGAGCCAGACGCTGCCCCCGGCGCGGGGAGAAGATGGTGCCTAGCGGCCTCGGGCCCGCCACGCGCCGCCACGAGTGAGCCCAGCGCGACCGCGGGCGTCCGCCGAGCAGCTGGCCCGGCTGGGCCCGGGGCGCGCAGCTGCCCGCCGGGGCGGG___GTGGAGCTGATCAGAATAATGTTCAGCATCAACCCCCTGGAGAACCTGAAGGTGTACATCAGCAGTCGGCCTCCCCTGGTGGTCTTCATGATCAGCGTAAGCGCCATGGCCATAGCTTTCCTGACCCTGGGCTACTTCTTCAAAATCAAGGAGATTAAATCCCCAGAAATGGCAGAG___GATTGGAATACTTTTCTGCTACGGTTCAATGATTTGGACTTGTGTGTATCAGAGAATGAAACCCTCAAGCATCTCACAAACGACACCACAACTCCGGAAAGTACAATGACCAGCGGGCAGGCCCGAGCTTCCACCCAGTCCCCCCAGGCCCTGGAGGACTCGGGCCCGGTGAATATCTCAGTCTCAATCACCCTAACCCTGGACCCACTGAAACCCTTCGGAGGGTATTCCCGCAACGTCACCCATCTGTACTCAACCATCTTAGGGCATCAGATTGGACTTTCAG___GCAGGGAAGCCCACGAGGAGATAAACATCACCTTCACCCTGCCTACAGCGTGGAGCTCAGATGACTGCGCCCTCCACGGTCACTGTGAGCAGGTGGTATTCACAGCCTGCATGACCCTCACGGCCAGCCCTGGGGTGTTCCCCGTCACTGT___ACAGCCACCGCACTGTGTTCCTGACACGTACAGCAACGCCACGCTCTGGTACAAGATCTTCACAACTGCCAGAGATGCCAACACAAAATACGCCCAAGATTACAATCCTTTCTGGTGTTATAAGGGGGCCATTGGAAAAGTCTATCATGCTTTAAATCCCAAGCTTACAGTGATTGTTCCAGAT___GATGACCGTTCATTAATAAATTTGCATCTCATGCACACCAGTTACTTCCTCTTTGTGATGGTGATAACAATGTTTTGCTATGCTGTTATCAAGGGCAGACCTAGCAAATTGCGTCAGAGCAATCCTGAATTTTGTCCCGAGAAG___GTGGCTTTGGCTGAAGCCTAATTCCACAGCTCCTTGTTTTTTGAGAGAGACTGAGAGAACCATAATCCTTGCCTGCTGAACCCAGCCTGGGCCTGGATGCTCTGTGAATACATTATCTTGCGATGTTGGGTTATTCCAGCCAAAGACATTTCAAGTGCCTGTAACTGATTTGTACATATTTATAAAAATCTATTCAGAAATTGGTCCAATAATGCACGTGCTTTGCCCTGGGTACAGCCAGAGCCCTTCAACCCCACCTTGGACTTGAGGACCTACCTGATGGGACGTTTCCACGTGTCTCTAGAGAAGGATTCCTGGATCTAGCTGGTCACGACGATGTTTTCACCAAGGTCACAGGAGCATTGCGTCGCTGATGGGGTTGAAGTTTGGTTTGGTTCTTGTTTCAGCCCAATATGTAGAGAACATTTGAAACAGTCTGCACCTTTGATACGGTATTGCATTTCCAAAGCCACCAATCCATTTTGTGGATTTTATGTGTTTGTGGCTTAATAATCATAGTAACAACAATAATACCTTTTTCTCCATTTTGCTTGCAGGAAACATACCTTAAGTTTTTTTTGTTTTGTTTTTGTTTTTTTGTTTTTTGTTTTCCTTTATGAAGAAAAAATAAAATAGTCACATTTTAATACTACTCTAGTTAGGACAGACTTGTGCTTTTATCCTGACTAAAAAGTTAAATATTTAAGTCACATACATGGTAAAGATCTAAGTTTCATTTTCCACATGGATGACCAGGAACCTGGTCTTGTTGGAGCTGGCATAGGAGGTTCTACTGTCTTGTCGTCCACTCTTGTCCCTCCCTTCTGTTATCAAAGTTAAAGCGCCTCTTCACTCAAAAGGGCTTCAAAATGTAAATGGCTCTAGAGTTAGAGTGACTGTTTGCTCTTCTGCTTTCTGGAATGCAGATGACAGTATGGAAAGAAAGAATAATGATTCTATCTAATAGGAAAGGATTTCTTCTTTCTTTTTTAAAGAGTGGGTGGATTTTCTCCCTTTTGTTTTGCTTTTATTTTCATGCTACTAACATATCTTCAGAAGGAAATGGCAACTAGTAGATCAGTAAAATTACGAAAACGATGCCTGCAAAATTTGAAGGAATGCAATTCTGATTTGCCATTTATCAGGGAAAACTGAAAGCATTTTTCTTATAACTTTTTTTCTTTTTCTTTTTTTTTGGAGGGGGGAGGCAGGGTCTTGCTCTGTCCCTCAGGCTGGAGCTTAGCTCAGTGCAGCCTCCAACTCCTGGGCTCAAGCAATCCTCCCACTTTAGCCTCCTGAGTAGCTGGGACTACAGGCGTGTGCCAGCGCGCCTGGCTAATTTTAAAATTTTTTTGTAGAGACAGAGTCTCCCTCTGTTGCCCAGGCTGGTCTGGAACTCCTAGCTTCAAATGATCCTCTCACCTCGGCCTCCCAAAATCCTGGGATTCCAGGCGTCAGCCACTGCTCTCGGCCCTCTTACACCATTTTGTTTGATTGTCTAGTCCCTGTTTCTTTTTCTTTCTAATCCTTATTCATTTAAGCAAAACCATACATTATCTTTTCCAGTCCTTTCTTGTATTCTTACTGTTTTTTTAAAATAACTTTTTGCCTTAATAGCTCATTGTCACTAATAACTTCTGTGTTCTCCCAGGCAGTGTTATAACAGAAGGGCAATGAAAACATTGGACATGACCATGAGTGCTTCCTTTCCTTAACTCTAGGTTTGTAGTCTGTTTTAAATTAGGATTAGTTCCTGCATTCTGAAATACATTGGCCTAGAACATTTTATCCCAGGCATTTTTGAATAGAAAACAGTTGCGTGCTTTTATTGAAGATTGTTAAAATAATCACCATAGTAACTTGATATGTTAGTATTTTTCTTTTTCCTTTTAGTATGTTTCAAGTGCAGTAATCGTACTTGTCTATCCAGTTTCTATGTATGATACGAGTTGCTTACACGATGCATGGCTAACTTGTTAATTTAGTTTTCTCCTTAGAGACTTTGAGACCCTTAAGAGACAAGATTGAGAAAGAGCCATGTGGCTTGGCTCTAGAAACGTCATTATCATTAGGACCATCAGATTTTAGATTAAGCTGCTATTGAATTAATAAAATCCCAATGAAGCAGAGTTATAGGGATAGATTTATAGCTGGCAGAGTGGTATCAAAGGAGAAAAACAGTGAAAAAGCCAATTTCACTGGTTCGTTCAATCCAGCTTGTTGCTAATATTAGTTACCCTTGTTTTAATGACAGAGAGTGGCTGGAATCTGTAGCTAGGGGAGGGGCAACACTGTTAGATGTGAGGAAAGGAAGTGCCAAAAATGCCTGGACAGATGGCTTGTCCCAAGGCCAGGACACACACTTTAAAATCCAACATTCACCTAAGCAAGTAATTCTTAAAGATCTTACAGAAACGCAGAGTCAATCAGGTTTATAAAGGAAGGCTGA)GGGGAGAGAGGAGGCCTGGGGGCCTGGACGAAGAGGCCTAGGACCTGAAGAGACT|AGAACACTGGCTTTTCCTTT(GGTAATACCAGCACCATAGGACAGCCAAGCACCAACACCATG___GGATTATTTGGAGTAACCCAAGCCTCACAGCCTGGAGGTCTTTTTGGGACAGCTACAAACACCAGCACTGGGACAGCATTTGGAACAGGAACAGGTCTCTTTGGGCAGACCAATACTGGATTTGGTGCTGTTGGTTCG___ACCCTGTTTGGCAATAACAAGCTTACTACATTTGGAAGCAGCACAACCAGTGCACCTTCATTTGGTACAACCAGTGGCGGGCTCTTTG___GTTTTGGCACAAATACCAGTGGGAATAGTATTTTTGGAAGTAAACCAGCACCTGGGACTCTTGGAACTGGGCTTGGTGCAGGATTTGGAACAG___CTCTTGGTGCTGGACAGGCATCTTTGTTTGGGAACAACCAACCTAAGATTGGAGGGCCTCTTGGTACAGGAGCCTTTGGGGCCCCTGGATTTAATACTACGACAGCCACTTTGGGCTTTGGAGCCCCCCAGGCCCCAGTAG___CTTTGACAGATCCAAATGCTTCTGCTGCCCAGCAGGCTGTTCTCCAGCAGCACATCAATAGTCTAACATACTCACCTTTTGGAGACTCTCCTCTCTTCCGGAATCCGATGTCAGACCCTAAGAAGAAGGAAGAG___AGATTGAAACCAACAAATCCAGCAGCCCAGAAGGCTCTTACTACACCTACTCATTATAAACTGACACCCCGCCCTGCCACTAGAGTCCGGCCAAAGGCTTTACAAACAACAGGCACAGCCAAGTCACATCTCTTTGATGGGCTGGATGACGATGAACCATCCCTAGCCAATGGAGCATTCATGCCCAA___GAAGAGCATTAAGAAGTTGGTTTTGAAGAACCTTAATAATAGCAATCTCTTTTCTCCTGTTAATCGTGATTCAGAAAATCTAGCTTCACCATCTGAATATCCAGAAAATGGAGAGAG___ATTTAGTTTCCTAAGCAAACCTGTTGATGAGAATCACCAGCAGGATGGAGATGAAGATTCCCTTGTTTCACATTTTTATACTAACCCTATTGCCAAACCTATTCCTCAAACCCCAGAAAGTGCTGGAAATAAACACAGCAACAGCAACAGTGTGGATGATACCATTGTTGCATTAAACATGCGTGCTGCTTTGCGAAATGGGCTGGAAGGAAGCAGTGAAGAAACGTCTTTTCATGATGAGTCACTTCAGGATGACCGAGAAGAAATAGAAAATAATTCTTACCATATGCACCCAGCAG___GTATTATTCTCACTAAGGTTGGTTACTATACTATTCCATCTATGGATGACCTTGCTAAAATTACCAATGAAAAAGGAGAGTGCATTGTCTCTGATTTCACTATTGGTCGGAAAG___GTTATGGTTCAATCTATTTTGAAGGAGATGTGAATTTGACAAATCTAAATTTGGATGATATTGTGCATATCCGGAGGAAAGAAGTAGTTGTCTACTTAGATGATAACCAAAAACCACCTGTGGGTGAAGGGCTAAATAG___GAAGGCTGAAGTTACATTGGATGGAGTTTGGCCAACAGATAAAACATCTCGTTGTTTAATAAAGAGCCCAGATCGCCTTGCTGATATCAACTATGAAGGAAGATTGGAAGCAGTTTCAAGGAAACAGGGAGCTCAATTCAAAGAATACCGGCCTGAAACTGGTTCTTGGGTGTTTAAG___GTCTCCCATTTTTCTAAGTATGGCCTTCAGGATTCTGATGAAGAGGAGGAGGAGCATCCGTCTAAAACTAGTACAAAGAAGTTGAAGACTGCTCCTTTGCCTCCTGCAAGCCAGACTACGCCCTTGCAGATGGCTCTTAATGGCAAACCTGCACCTCCACCTCAG___AGCCAGAGCCCAGAGGTGGAGCAGTTAGGGAGGGTTGTGGAACTGGACAGTGACATGGTAGATATCACCCAGGAGCCAGTTTTGGATACCATGTTAGAAGAGAGCATGCCTGAGGATCAGGAACCTGTGTCTGCCTCAACACATATTGCATCTTCACTGGGAATTAATCCACATGTCTTACAG___ATCATGAAAGCATCATTGCTTACTGATGAAGAAGATGTAGATATGGCACTGGATCAACGCTTCAGTCGCCTGCCTTCCAAAGCAGATACTTCTCAAGAAATCTGTTCTCCCAGACTCCCCATTTCAGCATCCCACTCGTCGAAAACTCGTTCACTAG___TTGGTGGGTTACTACAATCAAAATTTACAAGTGGAGCTTTTCTTTCACCAAGTGTCTCTGTGCAAGAATGTCGTACTCCCAGAGCAGCATCTTTAATGAATATCCCATCCACATCCTCTTGGTCTGTCCCTCCACCCCTGACTTCTGTGTTCACAATGCCCAGCCCAGCCCCTGAGGTTCCGTTGAAAACAGTGGGTACACGTAGGCAACTAGGCCTAGTCCCTCGTGAAAAGTCTGTCACCTATGGCAAGGGAAAACTCTTGATGGACATGGCCCTATTCATGGGACGCTCATTTCGTGTTGGTTGGGGCCCCAACTGGACTCTTGCTAATAGTGGAGAACAGCTGAATGGCTCTCATGAACTAGAAAATCATCAGATTGCCGATTCCATGGAGTTTGGATTCCTGCCCAATCCAGTAGCTGTTAAACC___CCTAACTGAGTCCCCATTCAAAGTTCACTTAGAAAAACTCAGTTTGAGACAAAGAAAGCCAGATGAAGACATGAAATTATATCAGACACCTCTGGAGCTCAAATTAAAACACAGCACTGTCCATGTGGATGAACTGTGTCCTCTCATTGTCCCCAATCTGGGAGTTGCTGTCATTCATGACTATGCAGATTGGGTTAAAGAAGCATCAGGAGACTTACCAGAAGCACAAA___TTGTGAAGCACTGGAGCCTGACATGGACACTATGTGAAGCCCTATGGGGCCACCTGAAGGAGCTTGACAGCCAGCTAAATGAACCCCGTGAATACATTCAAATTCTGGAGCGAAGAAGAGCTTTCTCCCGCTGGCTATCCTGTACTGCCACACCTCAGATTGAAGAGGAAGTCTCCTTAACCCAAAAAAACAGCCCTGTGGAGGCTGTATTCAGCTACCTCACAGGCAAAAGGATCAGTGAGGCCTGCTCTCTGGCCCAGCAGTCAG___GGGATCATCGTCTTGCTCTTCTTTTATCTCAGTTTGTGGGTAGCCAGTCAGTCCGGGAGCTGCTCACCATGCAGTTGGTGGACTGGCATCAGCTCCAAGCAGACTCCTTCATCCAGGATGAGAGACTGCGCATCTTTGCTCTGTTGGCTGGAAAACCG___GTGTGGCAGCTCTCAGAAAAGAAGCAAATAAACGTGTGCTCCCAGTTGGATTGGAAACGCTCCCTGGCTATCCATCTTTGGTATTTGCTTCCACCAACAGCCTCCATTTCTAGGGCGCTCAGCATGTATGAAGAAGCATTTCAG___AATACCTCTGACAGTGACAGATATGCCTGCTCCCCACTTCCTTCGTATCTGGAGGGTTCTGGCTGTGTGATAGCGGAGGAGCAAAACTCACAGACACCACTTCGAGATGTCTGCTTTCACCTTCTAAAACTCTACAGTGACAG___ACATTATGATCTCAACCAGCTGCTGGAGCCTCGAAGCATAACAGCAGATCCTTTGGACTACCGCCTAAGCTGGCACTTGTGGGAAGTGCTGAGGGCTCTTAACTACACCCATCTCTCAGCGCAGTGTGAAGGTGTGCTACAGGCCAGTTACGCTGGCCAGCTTGAAAGTGAGGGGCTCTGGGAGTGGGCCATCTTTGTCCTCCTGCACATTGACAACTCAGG___CATACGTGAGAAGGCTGTTCGAGAGCTGCTTACCCGGCACTGCCAGCTGTTGGAGACCCCTGAATCTTGGGCTAAAGAGACTTTCCTTACCCAGAAGCTCCGTGTACCTGCCAAATGGATCCACGAGGCCAAAGCTGTGCGAGCACACATGGAATCTGACAAGCACTTAGAGGCCCTTTGCTTATTTAAGGCTGAGCACTGGAACCGCTGCCACAAGCTCATCATCCGACACTTAGCTTCTG___ATGCCATCATTAATGAGAACTATGACTACCTGAAGGGGTTCTTGGAAGACCTGGCACCTCCAGAGCGCAGCAGCCTAATTCAGGATTGGGAAACATCTGGGCTTGTTTACCTGGACTATATTAGAGTCATTGAAATGCTCCGCCATATACAGCAG___GTGGATTGCTCAGGTAATGACCTGGAGCAGTTACACATCAAAGTGACTTCACTGTGCAGTCGGATAGAGCAGATTCAGTGTTACAGTGCTAAAGATCGCCTGGCTCAGTCAG___ACATGGCCAAACGTGTAGCCAACCTGCTGCGCGTGGTGCTGAGTCTGCATCATCCTCCTGATAGAACCTCCGACTCAACACCAGACCCTCAGCGAGTCCCTTTGCGCCTCTTGGCTCCCCACATTGGCCGGCTTCCCATGCCTGAGGACTATGCCATGGACGAACTGCGCAGCCTTACCCAGTCCTATCTGCGAGAACTGGCTGTTGGGAGCCTGTGAGCCCCAGGCACTTTGCATCACAGTCACATGCCCATTCACACCACACAGAGGTTCCCTGCCTTGTTTGGATTGGCACTGTTTGCCATTCTCTGGGTTGGCTGTGGCATCTACCCTCCCTCCCTGCTGCCAGAAGCAGCATCCTCCACTTGTTCAGGGCTTTTCTTAATACTGAACGTAGCATAAGGGCTTCTGGAACCCAGAAGAGGAGACAGTTTACCATCCTCAAGATCATTCAGTGTTTTTCCTTTAAAAAAATGGTCAATAAAGCTCCTTTGGCAGAATCCCCCAAAGAACCAGGGTATTCTTTTTCCATCCCTAGCCATTCTGGATCTTGTGACCCTCCATGCCAACCAGCTTCCCTACTCCTACCCTGGCCCTTTTATACTAGGACTCCTTAGGAGGAGTGAGACAGGTGATAATGGATCCTTAACAGATGAACTATCCACAGAAGGAAGAGGGATCCGTCTCTTAAGTAATTGGTTAGTTAACACTGAATTTTGGAGGCAAAGGAGGGTTGGCCTGAGTTAGGAAACAAAATGGGATCTTTCTGACACACTTAGGGCAGAAGTGAATGCCTGTCACGGAGGGATTGATCTTCAGGGCTGTTTTTGTTCCTGCCTTTAGAGTTCCATGAACACCATACCTTTGCTACTACTATGTGCAGGAACCCTTGGTCACATGTGACATGTCTGTGGGAAGCTCCCAGAGTTTGGTTTGGTCCCTGGTTTTCAGTCTTGCTGAGACTCTGTCTGGATTTGCCTGCAGAGTTTGGATAAAAAATGGCAGGTTGGGTAACCCTCCCTGTTCATCCCATGTTAGCTCCAAAGCATTTCCCACCCTCCATCTACCCCTTCCAGAAGCAAAAACAAACCATGACTGAGGCAGGCATGGAGTTGGGCGTTAGGGGCAGGCAGAGGGCCTTTGCTACACTGCTGACAGCTATAGGGAGCCCCAGGTAATGGCATGAGATAGCTGGTGTTAGGGCTATCTCAGGCAATATGGCCACACCTGGGTCTTTATGCATGAAGATAATGTAAAGGTTTTTATTAAAAAATATATATATGTATAAATAAATGATCTAGATATTTTCCTCTTTTTCTGAAGCTACTTTCTTAAAAAATAAATAAAATGTTTATAGCATTCCTGGTA)$	
RUNX1T1	KIF5C	chr8	92005180	-	chr2	148881836	-	TRUE	FALSE	2	0			low	0	2	85	6	CDS	intron						^(ATCACATTTGTCTGCCACAGCAGCAACAACAGAAAAGCGGAGGGAGGGAGGGAGGCGGGAGGAGGGGAGCAGAGCTCCGCAAGTCTTGGGCTCTGCGTGGAGGTTGCGTTTGGCTGGCGTCCCCGACCCCGGGCTTTTTGCACGGCAGCTCTCTCTGCGCAGCGCCGGGCGGCCGTAGTCGCTCCGCGGCGCGACTCCGCGGTCTCGTGGCGAGCGCGCGTGGGCGAGTGGCCGCGGACACTCTGGCCTCGCGAGGGAAGCCGCGCCGCGTCCTCGCCCCGTCGCCCCGCGGGCCGGCCGAGACGACGGGAAGTTTTATTTGCAGCTCGGAGCCTGTGGCGGATGGTGGGACTCTCCGGCCCTGTGCAGT___ATCGTACTGAGAAGCACTCCACAATGCCAGACTCACCTGTGGATGTGAAGACGCAATCTAGGCTGACTCCTCCAACAATGCCACCTCCCCCAACTACTCAAGGAGCTCCAAGAACCAGTTCATTTACACCGACAACGT___TAACTAATGGCACGAGCCATTCTCCTACAGCCTTGAATGGCGCCCCCTCACCACCCAATGGCTTCAGCAATGGGCCTTCCTCTTCTTCCTCCTCCTCTCTGGCTAATCAACAGCTGCCCCCAGCCTGTGGTGCCAGGCAACTCAGCAAGCTGAAAAGGTTCCTTACTACCCTGCAGCAGTTTGGCAATGACATTTCACCCGAGATAGGAGAAAGAGTTCGCACCCTCGTTCTGGGACTAGTG___AACTCCACTTTGACAATTGAAGAATTTCATTCCAAACTGCAAGAAGCTACTAACTTCCCACTGAGACCTTTTGTCATCCCATTTTTGAAG___GCCAACTTGCCCCTGCTGCAGCGTGAGCTCCTCCACTGCGCAAGACTGGCCAAACAGAACCCTGCCCAGTACCTCGCCCAGCATGAACAGCTGCTTCTGGATGCCAGCACCACCTCACCTGTTGACTCCTCAGAGCTGCTTCTCGATGTGAACGAAAACGGGAAGAGGCGAACTCCAGACAC)|...CATCACCCCATAAACAAATAGGTTTGGTCCTAGCCTTTCTATTAGCTCTTAGTAAGATTACACATGCAAGCATCCCCATTCCAGTGAGTTCACCCTCTAAATCACCA	
KMT2A	MLLT3	chr11	118482495	+	chr9	20365744	-	TRUE	TRUE	35	4	COSMIC, CHIMERKB, CHIMERPUB, Known_Fusions	out-of-frame	high	8	5	315	36	CDS/splice-site	CDS/splice-site	18	4	203	20	ONLY_REF_SPLICE	^(CTGCTTCACTTCACGGGGCGAACATGGCGCACAGCTGTCGGTGGCGCTTCCCCGCCCGACCCGGGACCACCGGGGGCGGCGGCGGCGGGGGGCGCCGGGGCCTAGGGGGCGCCCCGCGGCAACGCGTCCCGGCCCTGCTGCTTCCCCCCGGGCCCCCGGTCGGCGGTGGCGGCCCCGGGGCGCCCCCCTCCCCCCCGGCTGTGGCGGCCGCGGCGGCGGCGGCGGGAAGCAGCGGGGCTGGGGTTCCAGGGGGAGCGGCCGCCGCCTCAGCAGCCTCCTCGTCGTCCGCCTCGTCTTCGTCTTCGTCATCGTCCTCAGCCTCTTCAGGGCCGGCCCTGCTCCGGGTGGGCCCGGGCTTCGACGCGGCGCTGCAGGTCTCGGCCGCCATCGGCACCAACCTGCGCCGGTTCCGGGCCGTGTTTGGGGAGAGCGGCGGGGGAGGCGGCAGCGGAGAG___GATGAGCAATTCTTAGGTTTTGGCTCAGATGAAGAAGTCAGAGTGCGAAGTCCCACAAGGTCTCCTTCAG___TTAAAACTAGTCCTCGAAAACCTCGTGGGAGACCTAGAAGTGGCTCTGACCGAAATTCAGCTATCCTCTCAGATCCATCTGTGTTTTCCCCTCTAAATAAATCAGAGACCAAATCTGGAGATAAGATCAAGAAGAAAGATTCTAAAAGTATAGAAAAGAAGAGAGGAAGACCTCCCACCTTCCCTGGAGTAAAAATCAAAATAACACATGGAAAGGACATTTCAGAGTTACCAAAGGGAAACAAAGAAGATAGCCTGAAAAAAATTAAAAGGACACCTTCTGCTACGTTTCAGCAAGCCACAAAGATTAAAAAATTAAGAGCAGGTAAACTCTCTCCTCTCAAGTCTAAGTTTAAGACAGGGAAGCTTCAAATAGGAAGGAAGGGGGTACAAATTGTACGACGGAGAGGAAGGCCTCCATCAACAGAAAGGATAAAGACCCCTTCGGGTCTCCTCATTAATTCTGAACTGGAAAAGCCCCAGAAAGTCCGGAAAGACAAGGAAGGAACACCTCCACTTACAAAAGAAGATAAGACAGTTGTCAGACAAAGCCCTCGAAGGATTAAGCCAGTTAGGATTATTCCTTCTTCAAAAAGGACAGATGCAACCATTGCTAAGCAACTCTTACAGAGGGCAAAAAAGGGGGCTCAAAAGAAAATTGAAAAAGAAGCAGCTCAGCTGCAGGGAAGAAAGGTGAAGACACAGGTCAAAAATATTCGACAGTTCATCATGCCTGTTGTCAGTGCTATCTCCTCGCGGATCATTAAGACCCCTCGGCGGTTTATAGAGGATGAGGATTATGACCCTCCAATTAAAATTGCCCGATTAGAGTCTACACCGAATAGTAGATTCAGTGCCCCGTCCTGTGGATCTTCTGAAAAATCAAGTGCAGCTTCTCAGCACTCCTCTCAAATGTCTTCAGACTCCTCTCGATCTAGTAGCCCCAGTGTTGATACCTCCACAGACTCTCAGGCTTCTGAGGAGATTCAGGTACTTCCTGAGGAGCGGAGCGATACCCCTGAAGTTCATCCTCCACTGCCCATTTCCCAGTCCCCAGAAAATGAGAGTAATGATAGGAGAAGCAGAAGGTATTCAGTGTCGGAGAGAAGTTTTGGATCTAGAACGACGAAAAAATTATCAACTCTACAAAGTGCCCCCCAGCAGCAGACCTCCTCGTCTCCACCTCCACCTCTGCTGACTCCACCGCCACCACTGCAGCCAGCCTCCAGTATCTCTGACCACACACCTTGGCTTATGCCTCCAACAATCCCCTTAGCATCACCATTTTTGCCTGCTTCCACTGCTCCTATGCAAGGGAAGCGAAAATCTATTTTGCGAGAACCGACATTTAGGTGGACTTCTTTAAAGCATTCTAGGTCAGAGCCACAATACTTTTCCTCAGCAAAGTATGCCAAAGAAGGTCTTATTCGCAAACCAATATTTGATAATTTCCGACCCCCTCCACTAACTCCCGAGGACGTTGGCTTTGCATCTGGTTTTTCTGCATCTGGTACCGCTGCTTCAGCCCGATTGTTTTCGCCACTCCATTCTGGAACAAGGTTTGATATGCACAAAAGGAGCCCTCTTCTGAGAGCTCCAAGATTTACTCCAAGTGAGGCTCACTCTAGAATATTTGAGTCTGTAACCTTGCCTAGTAATCGAACTTCTGCTGGAACATCTTCTTCAGGAGTATCCAATAGAAAAAGGAAAAGAAAAGTGTTTAGTCCTATTCGATCTGAACCAAGATCTCCTTCTCACTCCATGAGGACAAGAAGTGGAAGGCTTAGTAGTTCTGAGCTCTCACCTCTCACCCCCCCGTCTTCTGTCTCTTCCTCGTTAAGCATTTCTGTTAGTCCTCTTGCCACTAGTGCCTTAAACCCAACTTTTACTTTTCCTTCTCATTCCCTGACTCAGTCTGGGGAATCTGCAGAGAAAAATCAGAGACCAAGGAAGCAGACTAGTGCTCCGGCAGAGCCATTTTCATCAAGTAGTCCTACTCCTCTCTTCCCTTGGTTTACCCCAGGCTCTCAGACTGAAAGAGGGAGAAATAAAGACAAGGCCCCCGAGGAGCTGTCCAAAGATCGAGATGCTGACAAGAGCGTGGAGAAGGACAAGAGTAGAGAGAGAGACCGGGAGAGAGAAAAGGAGAATAAGCGGGAGTCAAGGAAAGAGAAAAGGAAAAAGGGATCAGAAATTCAGAGTAGTTCTGCTTTGTATCCTGTGGGTAGGGTTTCCAAAGAGAAGGTTGTTGGTGAAGATGTTGCCACTTCATCTTCTGCCAAAAAAGCAACAGGGCGGAAGAAGTCTTCATCACATGATTCTGGGACTGATATTACTTCTGTGACTCTTGGGGATACAACAGCTGTCAAAACCAAAATACTTATAAAGAAAGGGAGAGGAAATCTGGAAAAAACCAACTTGGACCTCGGCCCAACTGCCCCATCCCTGGAGAAGGAGAAAACCCTCTGCCTTTCCACTCCTTCATCTAGCACTGTTAAACATTCCACTTCCTCCATAGGCTCCATGTTGGCTCAGGCAGACAAGCTTCCAATGACTGACAAGAGGGTTGCCAGCCTCCTAAAAAAGGCCAAAGCTCAGCTCTGCAAGATTGAGAAGAGTAAGAGTCTTAAACAAACCGACCAGCCCAAAGCACAG___GGTCAAGAAAGTGACTCATCAGAGACCTCTGTGCGAGGACCCCGGATTAAACATGTCTGCAGAAGAGCAGCTGTTGCCCTTGGCCGAAAACGAGCTGTGTTTCCTGATGACATGCCCACCCTGAGTGCCTTACCATGGGAAGAACGAGAAAAGATTTTGTCTTCCATGGGGAATGATG___ACAAGTCATCAATTGCTGGCTCAGAAGATGCTGAACCTCTTGCTCCACCCATCAAACCAATTAAACCTGTCACTAGAAACAAGGCACCCCAGGAACCTCCAGTAAAGAAAGGACGTCGATCGAGGCGGTGTGGGCAGTGTCCCGGCTGCCAGGTGCCTGAGGACTGTGGTGTTTGTACTAATTGCTTAGATAAGCCCAAGTTTGGTGGTCGCAATATAAAGAAGCAGTGCTGCAA___GATGAGAAAATGTCAGAATCTACAATGGATGCCTTCCAAAGCCTACCTGCAGAAGCAAGCTAAAG___CTGTGAAAAAGAAAGAGAAAAAGTCTAAGACCAGTGAAAAGAAAGACAGCAAAGAGAGCAGTGTTGTGAAGAACGTGGTGGACTCTAGTCAGAAACCTACCCCATCAGCAAGAGAGGATCCTGCCCCAAAGAAAAGCAGTAGTGAGCCTCCTCCACGAAAGCCCGTCGAGGAAAAGAGTGAAGAAGGGAATGTCTCGGCCCCTGGGCCTGAATCCAAACAGGCCACCACTCCAGCTTCCAGGAAGTCAAGCAAGCAGGTCTCCCAGCCA)GCACTGGTCATCCCGCCTCAGCCACCTACTACAGGACCGCCAAGAAAAGAAGTTCCCAAAACCACTCCTAGTGAGCCCAAGAAAAAGCAGCCTCCACCACCAGAATCAG___GTCCAGAGCAGAGCAAACAGAAAAAAGTGGCTCCCCGCCCAAGTATCCCTGTAAAACAAAAACCAAAAGAAAAG|TCTGAACAACCCAGTCCTGCCAGCTCCAGCTCCAGCTCCAGCTCCAGCTTCACACCATCCCAGACCAGGCAACAAG___GTCCTTTGAGGTCTATAATGAAAGATCTGCATTCTGATGACAATGAGGAGG(AATCAGATGAAGTGGAGGATAACGACAATGACTCTGAAATGGAGAGGCCTGTAAATAGAGGAGGCAGCCGAAGTCGCAGGTGAGTATCTTGGAAGGAAAGGGGTTGCCTGTGATGAAGTCAGACTCTTTCACAAGCCCTGCTGGGATAATCACAGCAAAGGTGTGAAACACCAAAAACGGCAGTAGATGGTCACATTCATTTGATGCAGGGTCTCCTTGGTATGCCTACACACACTTTACAGGGAACTGTTTCTCCTTTTTCTCAGAAAGAGGCTTTTCCTCTAAAAATTTTTATAGGAAAAAGTCACATTAGATGTCCTTGTCCTTGGAAAAGTATGCCAAGTGGCAGGACTGACTGTTGAACTAAAGTCTGTTTTCATTTGAAGAGTTTGTGTTGATCCACTGCTGGAGATAGTCTCAGAATTTGAAGAAATGTGTTTGCTGTTTGTAGTTAGAAATACATAATTGGCTCCAGTGAATTATGTGTGTGACCTAATTAAAACTAGGATCACCTGTGTGTTTTCCAGAAAATAAATTCCTTTTAAGTGTGCTGACAATTAAGTGCCTTAAGTAGCTTTAATGCTGTGAGGCATAATTCCATGTTATAAGATGGTAATTCATGTCACTTATAATTAATACTCAACTTGAAATTGCCCTGAGGATTTTATTTCTTTATCATGAAGAAAACAAATAGGCATGCTTACTTTAATTTGTCTTGAGTGGAAAAAATACGAATCTACTTGAATTTAAAATCCAATTACATTTATAATATATTGCATTAAATCTTTCCCTGTTATCCATTACTATGTAGAAGACCCTAAGATTCAAAAAAAAAAAAAAAAAAAAAAGC)$	
