var_name	alarm	full_annot_name	var_gen_coord	variant_type	Gene_symbol	HGVSc	HGVSp	tumor_variant_freq	tumor_depth	normal_variant_freq	normal_depth	Called_by	1000g_EUR_AF	gnomAD_NFE	snpDB	COSMIC	HGMD	NHLBI_ESP	clinvar_sig	clinvar_DBN	fOne	md-anderson	trusight_genes	CGC_Somatic	CGC_Tumour_Somatic	PolyPhen	SIFT	gene_region	IMPACT	Consequence	SOMATIC	PHENO	GENE_PHENO	EXON	INTRON	Feature	Feature_type	Annotation source	all_full_annot_name	Gene	sample
14_94622332_G/A		SERPINA3:ENST00000555820:.:.:.	Chr14(GRCh38):g.94622332G>A	SNV	SERPINA3	.	.	0.339	56	0	45		0	0.00008829	rs151198301	.	.	.	Likely_benign	not_provided	.	.	.	.	.	.	.	downstream	MODIFIER	downstream_gene_variant	.	1	.	.	.	ENST00000555820	Transcript	Ensembl	SERPINA3:ENST00000555820:.:.:.,SERPINA3:ENST00000621603:.:.:.	ENSG00000196136	DZ1601
9_116344626_G/A		PAPPA:NM_002581.5:exon14:c.3695G>A:p.R1232H	Chr9(GRCh38):g.116344626G>A	SNV	PAPPA	c.3695G>A	p.R1232H	0.16	125	0	73		0	0.00007056	rs138454284	COSV60282554	.	.	Benign	not_provided	.	.	.	.	.	benign(0)	tolerated(0.55)	exon	MODERATE	missense_variant	0,1	1,1	.	14/22	.	NM_002581.5	Transcript	RefSeq	PAPPA:NM_002581.5:exon14:c.3695G>A:p.R1232H,PAPPA:XM_006717129.4:exon10:c.1601G>A:p.R534H,PAPPA:XM_017014784.3:exon13:c.3581G>A:p.R1194H,PAPPA:ENST00000328252:exon14:c.3695G>A:p.R1232H	5069	DZ1601
5_68297595_G/A		PIK3R1:NM_181523.3:exon16:c.2169G>A:p.=(p.R723R)	Chr5(GRCh38):g.68297595G>A	SNV	PIK3R1	c.2169G>A	p.=(p.R723R)	0.389	157	0	65		0	0	rs2112294436	.	.	.	.	.	yes	.	.	yes	glioblastoma, ovarian, colorectal	.	.	exon	LOW	synonymous_variant	.	.	.	16/16	.	NM_181523.3	Transcript	RefSeq	PIK3R1:NM_181523.3:exon16:c.2169G>A:p.=(p.R723R),PIK3R1:NM_001242466.2:exon9:c.1080G>A:p.=(p.R360R),PIK3R1:NM_181504.4:exon10:c.1359G>A:p.=(p.R453R),PIK3R1:NM_181524.2:exon10:c.1269G>A:p.=(p.R423R),PIK3R1:XM_005248542.4:exon16:c.2169G>A:p.=(p.R723R),PIK3R1:XM_017009585.3:exon16:c.2169G>A:p.=(p.R723R),PIK3R1:XM_047417315.1:exon16:c.2169G>A:p.=(p.R723R),PIK3R1:XM_047417316.1:exon17:c.1842G>A:p.=(p.R614R),PIK3R1:XM_047417317.1:exon16:c.1842G>A:p.=(p.R614R),PIK3R1:ENST00000521381:exon16:c.2169G>A:p.=(p.R723R),PIK3R1:ENST00000320694:exon10:c.1269G>A:p.=(p.R423R),PIK3R1:ENST00000336483:exon10:c.1359G>A:p.=(p.R453R),PIK3R1:ENST00000517643:exon16:c.2169G>A:p.=(p.R723R),PIK3R1:ENST00000521657:exon16:c.2169G>A:p.=(p.R723R),PIK3R1:ENST00000522084:exon11:c.1359G>A:p.=(p.R453R),PIK3R1:ENST00000523872:exon9:c.1080G>A:p.=(p.R360R),PIK3R1:ENST00000697457:exon15:c.2094G>A:p.=(p.R698R),PIK3R1:ENST00000697458:exon16:c.2169G>A:p.=(p.R723R),PIK3R1:ENST00000697460:exon15:c.1644G>A:p.=(p.R548R),PIK3R1:ENST00000697461:exon16:c.2193G>A:p.=(p.R731R),PIK3R1:ENST00000697462:exon10:c.1383G>A:p.=(p.R461R),PIK3R1:ENST00000697465:exon10:c.1206G>A:p.=(p.R402R),PIK3R1:ENST00000697466:exon10:c.1176G>A:p.=(p.R392R),PIK3R1:ENST00000697467:exon9:c.1080G>A:p.=(p.R360R),PIK3R1:ENST00000697468:exon9:c.1152G>A:p.=(p.R384R),PIK3R1:ENST00000697557:exon9:c.1152G>A:p.=(p.R384R),PIK3R1:ENST00000697469:exon6:c.*232G>A:.,PIK3R1:ENST00000697470:exon5:c.*1127G>A:.,PIK3R1:ENST00000519025:.:.:.,PIK3R1:ENST00000521409:.:.:.,PIK3R1:ENST00000523807:.:.:.,PIK3R1:ENST00000697556:.:.:.	5295	MR1507
7_122113200_G/A		AASS:NM_005763.4:exon11:c.1196C>T:p.S399F	Chr7(GRCh38):g.122113200G>A	SNV	AASS	c.1196C>T	p.S399F	0.41	61	0	77		0	0	.	.	.	.	.	.	.	.	.	.	.	probably_damaging(0.998)	deleterious(0)	exon	MODERATE	missense_variant	.	.	.	11/24	.	NM_005763.4	Transcript	RefSeq	AASS:NM_005763.4:exon11:c.1196C>T:p.S399F,AASS:XM_011515725.3:exon11:c.1196C>T:p.S399F,AASS:XM_047419710.1:exon11:c.1196C>T:p.S399F,AASS:XM_047419711.1:exon11:c.1196C>T:p.S399F,AASS:ENST00000417368:exon11:c.1196C>T:p.S399F,AASS:ENST00000393376:exon10:c.1196C>T:p.S399F,AASS:ENST00000679511:exon11:c.1196C>T:p.S399F,AASS:ENST00000473553:intron1:c.-136-11520C>T:.	10157	MR1507
8_104392785_C/A		DPYS:NM_001385.3:exon8:c.1442G>T:p.R481L	Chr8(GRCh38):g.104392785C>A	SNV	DPYS	c.1442G>T	p.R481L	0.3	130	0.01	100		0	0	.	COSV60907023	.	.	.	.	.	.	.	.	.	benign(0.003)	deleterious_low_confidence(0.04)	splice	MODERATE	missense_variant,splice_region_variant	1	1	.	8/10	.	NM_001385.3	Transcript	RefSeq	DPYS:NM_001385.3:exon8:c.1442G>T:p.R481L,DPYS:XM_005250818.4:exon9:c.1550G>T:p.R517L,DPYS:XM_006716518.4:exon8:c.1391G>T:p.R464L,DPYS:XM_011516903.4:exon9:c.1550G>T:p.R517L,DPYS:XM_047421415.1:exon9:c.1550G>T:p.R517L,DPYS:XM_047421416.1:exon8:c.1442G>T:p.R481L,DPYS:XM_047421418.1:exon7:c.1283G>T:p.R428L,DPYS:ENST00000351513:exon8:c.1442G>T:p.R481L,DPYS:ENST00000533874:exon1:c.74G>T:p.R25L	1807	MR1507
12_124378247_C/T		NCOR2:NM_006312.6:exon20:c.2157G>A:p.=(p.E719E)	Chr12(GRCh38):g.124378247C>T	SNV	NCOR2	c.2157G>A	p.=(p.E719E)	0.279	43	0	76		0	0	rs2040169643	.	.	.	.	.	.	.	.	yes	prostate	.	.	exon	LOW	synonymous_variant	.	.	.	20/49	.	NM_006312.6	Transcript	RefSeq	NCOR2:NM_006312.6:exon20:c.2157G>A:p.=(p.E719E),NCOR2:NM_001077261.4:exon20:c.2154G>A:p.=(p.E718E),NCOR2:NM_001206654.2:exon20:c.2154G>A:p.=(p.E718E),NCOR2:ENST00000405201:exon20:c.2157G>A:p.=(p.E719E),NCOR2:ENST00000404621:exon19:c.2154G>A:p.=(p.E718E),NCOR2:ENST00000429285:exon19:c.2154G>A:p.=(p.E718E),NCOR2:ENST00000448614:exon3:c.327G>A:p.=(p.E109E),NCOR2:ENST00000458234:exon20:c.2157G>A:p.=(p.E719E)	9612	VH0452
17_65210625_G/A		RGS9:NM_001165933.2:exon17:c.1418G>A:p.R473H	Chr17(GRCh38):g.65210625G>A	SNV	RGS9	c.1418G>A	p.R473H	0.051	98	0	74		0	0.000008884	rs375069570	.	.	.	Likely_benign	not_provided	.	.	.	.	.	possibly_damaging(0.702)	deleterious_low_confidence(0)	exon	MODERATE	missense_variant	.	1	.	.	17/17	.	NM_001165933.2	Transcript	RefSeq	RGS9:NM_001165933.2:exon17:c.1418G>A:p.R473H,RGS9:NM_003835.4:intron17:c.1407+20G>A:.,RGS9:NM_001081955.3:intron17:c.1398+20G>A:.,RGS9:ENST00000262406:intron17:c.1407+20G>A:.,RGS9:ENST00000443584:intron17:c.1398+20G>A:.,RGS9:ENST00000449996:intron17:c.1398+20G>A:.,RGS9:ENST00000635833:intron17:c.1407+20G>A:.	8787
2_182942166_-/A		NCKAP1:NM_013436.5:intron23:c.2602-3dup:.	Chr2(GRCh38):g.182942166->A	insertion	NCKAP1	c.2602-3dup	.	0.103	87	0	72		0	0.002931	rs140820523	.	.	.	.	.	.	.	.	.	.	.	.	intron	LOW	splice_region_variant,splice_polypyrimidine_tract_variant,intron_variant	.	.	.	.	.	23/30	NM_013436.5	Transcript	RefSeq	NCKAP1:NM_013436.5:intron23:c.2602-3dup:.,NCKAP1:NM_205842.3:intron24:c.2620-3dup:.,NCKAP1:XM_006712200.4:intron24:c.2614-3dup:.,NCKAP1:XM_006712201.4:intron23:c.2596-3dup:.,NCKAP1:ENST00000361354:intron23:c.2602-3dup:.,NCKAP1:ENST00000360982:intron24:c.2620-3dup:.,NCKAP1:ENST00000703824:intron24:c.2614-3dup:.,NCKAP1:ENST00000703825:intron23:c.2596-3dup:.	10787
17_7675088_C/T		TP53:NM_000546.6:exon5:c.524G>A:p.R175H	Chr17(GRCh38):g.7675088C>T	SNV	TP53	c.524G>A	p.R175H	0.514	72	0	106		0	0.000008803	rs28934578	COSV52661038,COSV52677601,COSV52731306,COSV53801286	CM062017,CM951224	.	Pathogenic	Breast_neoplasm|not_provided|Ovarian_neoplasm|Colorectal_cancer|Adrenocortical_carcinoma,_hereditary|Hereditary_cancer-predisposing_syndrome|Familial_cancer_of_breast|Malignant_tumor_of_esophagus|Li-Fraumeni_syndrome_1|Basal_cell_carcinoma,_susceptibility_to,_7|Choroid_plexus_papilloma|Carcinoma_of_pancreas|Nasopharyngeal_carcinoma|Bone_osteosarcoma|Hepatocellular_carcinoma|Bone_marrow_failure_syndrome_5|Glioma_susceptibility_1|Neoplasm|Lip_and_oral_cavity_carcinoma|Gastric_cancer|Li-Fraumeni_syndrome|Squamous_cell_carcinoma_of_the_head_and_neck	yes	.	yes	yes	breast, colorectal, lung, sarcoma, adrenocortical, glioma, Spitzoid tumour, multiple other tumour types	.	tolerated(0.08)	exon	MODERATE	missense_variant	0,1,1,1,1,1,1	1,1,1,1,1,1,1	.	26900293,34239995,25157968,27153395,22006311,21264207,34203389,21305319,32000721,25105660,16489069,17606709,18511570,23161690,33076847,24929325,11370630,21761402,16401470,8649785,9047394,11101847,15977174,18391940,19881536,20128691,20689556,21343334,22233476,22698404,23792586,24573247,12826609,14559903,16861262,36531003,31907277,27374712,31371350,34964846,33174010,35328276,32467344,36077746,28163917,34771529,35867400,23639312,25404506,37304756,36866106,34514028,30709875,30816478,30224644,29979965,28873162,19127115,27516001,23263379,36988593,16707427,15607981,8164043,28349240,15607980,25927356,8825920,20516128,12007217,12619118	5/11	.	NM_000546.6	Transcript	RefSeq	TP53:NM_000546.6:exon5:c.524G>A:p.R175H,TP53:NM_001126112.3:exon5:c.524G>A:p.R175H,TP53:NM_001126113.3:exon5:c.524G>A:p.R175H,TP53:NM_001126114.3:exon5:c.524G>A:p.R175H,TP53:NM_001126115.2:exon1:c.128G>A:p.R43H,TP53:NM_001126116.2:exon1:c.128G>A:p.R43H,TP53:NM_001126117.2:exon1:c.128G>A:p.R43H,TP53:NM_001126118.2:exon4:c.407G>A:p.R136H,TP53:NM_001276695.3:exon5:c.407G>A:p.R136H,TP53:NM_001276696.3:exon5:c.407G>A:p.R136H,TP53:NM_001276697.3:exon1:c.47G>A:p.R16H,TP53:NM_001276698.3:exon1:c.47G>A:p.R16H,TP53:NM_001276699.3:exon1:c.47G>A:p.R16H,TP53:NM_001276760.3:exon5:c.407G>A:p.R136H,TP53:NM_001276761.3:exon5:c.407G>A:p.R136H,TP53:NM_001407262.1:exon6:c.524G>A:p.R175H,TP53:NM_001407263.1:exon6:c.407G>A:p.R136H,TP53:NM_001407264.1:exon5:c.524G>A:p.R175H,TP53:NM_001407265.1:exon5:c.407G>A:p.R136H,TP53:NM_001407266.1:exon5:c.524G>A:p.R175H,TP53:NM_001407267.1:exon5:c.407G>A:p.R136H,TP53:NM_001407268.1:exon5:c.524G>A:p.R175H,TP53:NM_001407269.1:exon5:c.407G>A:p.R136H,TP53:NM_001407270.1:exon5:c.524G>A:p.R175H,TP53:NM_001407271.1:exon5:c.407G>A:p.R136H,TP53:ENST00000269305:exon5:c.524G>A:p.R175H,TP53:ENST00000359597:exon4:c.524G>A:p.R175H,TP53:ENST00000413465:exon4:c.524G>A:p.R175H,TP53:ENST00000420246:exon5:c.524G>A:p.R175H,TP53:ENST00000445888:exon5:c.524G>A:p.R175H,TP53:ENST00000455263:exon5:c.524G>A:p.R175H,TP53:ENST00000503591:exon6:c.524G>A:p.R175H,TP53:ENST00000504290:exon1:c.128G>A:p.R43H,TP53:ENST00000504937:exon1:c.128G>A:p.R43H,TP53:ENST00000508793:exon5:c.524G>A:p.R175H,TP53:ENST00000509690:exon2:c.128G>A:p.R43H,TP53:ENST00000510385:exon1:c.128G>A:p.R43H,TP53:ENST00000514944:exon4:c.245G>A:p.R82H,TP53:ENST00000604348:exon5:c.503G>A:p.R168H,TP53:ENST00000610292:exon4:c.407G>A:p.R136H,TP53:ENST00000610538:exon5:c.407G>A:p.R136H,TP53:ENST00000610623:exon1:c.47G>A:p.R16H,TP53:ENST00000618944:exon1:c.47G>A:p.R16H,TP53:ENST00000619186:exon1:c.47G>A:p.R16H,TP53:ENST00000619485:exon5:c.407G>A:p.R136H,TP53:ENST00000620739:exon5:c.407G>A:p.R136H,TP53:ENST00000622645:exon5:c.407G>A:p.R136H,TP53:ENST00000576024:.:.:.	7157
